{
  "name": "15 Vol targeting (8% annual)",
  "stats": {
    "annual_return": 0.042122195289601524,
    "annual_vol": 0.06782319653596827,
    "cagr": 0.04062468153642644,
    "sharpe": 0.3287454154715886,
    "sortino": 0.5337413603816643,
    "max_drawdown": -0.2018773830786581,
    "calmar": 0.2361462456272406,
    "avg_turnover": 0.03449449871619217,
    "crra_ce_annual": 0.0309255252090005,
    "crra_ce_annual_se": 0.0026677698281528843,
    "sharpe_se": 0.03771231679863604
  },
  "cfg": {
    "risk_aversion": 5.0,
    "long_only": true,
    "max_weight": 0.6,
    "min_cash_equiv": 0.1,
    "tc_bps": 10.0,
    "mu_shrinkage": 0.4,
    "weight_inertia": 0.85,
    "use_lw_shrinkage": true,
    "lw_alpha": 0.2,
    "use_regime_gamma": true,
    "use_entropy_conf": false,
    "entropy_floor": 0.4,
    "use_momentum": false,
    "momentum_strength": 0.08,
    "use_vol_target": true,
    "vol_target_annual": 0.08,
    "use_kelly": false,
    "kelly_cap": 1.0,
    "use_cvar": false,
    "cvar_max": 0.14,
    "use_rp_blend": false,
    "rp_blend_alpha": 0.3,
    "use_michaud": false,
    "michaud_n_boot": 50,
    "rebalance_threshold": 0.0
  }
}