mode,mean_accuracy,std_accuracy
WithNarrative,0.6083333333333333,0.16014791386685975
WithoutNarrative,0.49825102880658434,0.2224459940630245
